start_node,end_node,start_lon_deg,start_lat_deg,end_lon_deg,end_lat_deg,start_ground_elev_m,end_ground_elev_m,horizontal_distance_m,max_terrain_elev_m,max_terrain_lon_deg,max_terrain_lat_deg,cruise_altitude_m,start_work_altitude_m,end_work_altitude_m,climb_height_m,descent_height_m,model_id,payload_kg,climb_time_s,cruise_time_s,descent_time_s,total_time_s,equivalent_range_m,horizontal_energy_kwh,climb_energy_kwh,total_energy_kwh,energy_formula_status
O01,S001,109.2308517,23.0085095,109.2432319,23.0335927,127.7,154.0,3053.9788435184996,223.05661010742188,109.23867982349049,23.024371057096793,273.0566101074219,127.7,184.0,145.3566101074219,89.05661010742188,A,0.0,48.452203369140626,254.49823695987496,35.62264404296875,338.57308437198435,25000.0,0.54971619183333,0.03849625695821621,0.5882124487915462,公式待人工核对：题面未显式给出水平能耗与爬升能耗分项公式
O01,S003,109.2308517,23.0085095,109.1688578,23.0402714,127.7,308.5,7263.1792565565,511.80413818359375,109.20235089521226,23.02311645668715,561.8041381835938,127.7,338.5,434.10413818359376,223.30413818359375,A,0.0,144.70137939453124,605.264938046375,89.3216552734375,839.2879727143438,25000.0,1.3073722661801699,0.1149681768018016,1.4223404429819715,公式待人工核对：题面未显式给出水平能耗与爬升能耗分项公式
O01,S010,109.2308517,23.0085095,109.2760168,23.0194009,127.7,321.6,4784.49485164363,385.63653564453125,109.26879556032667,23.017660508047936,435.63653564453125,127.7,351.6,307.93653564453126,84.03653564453123,A,0.0,102.64551188151042,398.7079043036358,33.61461425781249,534.9680304429587,25000.0,0.8612090732958533,0.08155393823668633,0.9427630115325396,公式待人工核对：题面未显式给出水平能耗与爬升能耗分项公式
O01,S015,109.2308517,23.0085095,109.1923786,23.0494548,127.7,444.5,6009.38297162029,521.7992553710938,109.20159123411872,23.039653305005682,571.7992553710938,127.7,474.5,444.09925537109376,97.29925537109375,A,0.0,148.03308512369793,500.78191430169085,38.9197021484375,687.7347015738263,25000.0,1.081688934891652,0.11761528448609011,1.1993042193777421,公式待人工核对：题面未显式给出水平能耗与爬升能耗分项公式
O01,S001,109.2308517,23.0085095,109.2432319,23.0335927,127.7,154.0,3053.9788435184996,223.05661010742188,109.23867982349049,23.024371057096793,273.0566101074219,127.7,184.0,145.3566101074219,89.05661010742188,A,12.5,48.452203369140626,254.49823695987496,35.62264404296875,338.57308437198435,23232.23304703363,0.5915447201313259,0.04537058855789767,0.6369153086892235,公式待人工核对：题面未显式给出水平能耗与爬升能耗分项公式
O01,S003,109.2308517,23.0085095,109.1688578,23.0402714,127.7,308.5,7263.1792565565,511.80413818359375,109.20235089521226,23.02311645668715,561.8041381835938,127.7,338.5,434.10413818359376,223.30413818359375,A,12.5,144.70137939453124,605.264938046375,89.3216552734375,839.2879727143438,23232.23304703363,1.4068517041962736,0.1354982083735519,1.5423499125698255,公式待人工核对：题面未显式给出水平能耗与爬升能耗分项公式
O01,S010,109.2308517,23.0085095,109.2760168,23.0194009,127.7,321.6,4784.49485164363,385.63653564453125,109.26879556032667,23.017660508047936,435.63653564453125,127.7,351.6,307.93653564453126,84.03653564453123,A,12.5,102.64551188151042,398.7079043036358,33.61461425781249,534.9680304429587,23232.23304703363,0.9267394481110969,0.09611714149323745,1.0228565896043342,公式待人工核对：题面未显式给出水平能耗与爬升能耗分项公式
O01,S015,109.2308517,23.0085095,109.1923786,23.0494548,127.7,444.5,6009.38297162029,521.7992553710938,109.20159123411872,23.039653305005682,571.7992553710938,127.7,474.5,444.09925537109376,97.29925537109375,A,12.5,148.03308512369793,500.78191430169085,38.9197021484375,687.7347015738263,23232.23304703363,1.1639958723530515,0.1386180138586062,1.3026138862116576,公式待人工核对：题面未显式给出水平能耗与爬升能耗分项公式
O01,S001,109.2308517,23.0085095,109.2432319,23.0335927,127.7,154.0,3053.9788435184996,223.05661010742188,109.23867982349049,23.024371057096793,273.0566101074219,127.7,184.0,145.3566101074219,89.05661010742188,A,23.75,48.452203369140626,254.49823695987496,35.62264404296875,338.57308437198435,20370.272686215743,0.6746549252201648,0.051557486997611,0.7262124122177758,公式待人工核对：题面未显式给出水平能耗与爬升能耗分项公式
O01,S003,109.2308517,23.0085095,109.1688578,23.0402714,127.7,308.5,7263.1792565565,511.80413818359375,109.20235089521226,23.02311645668715,561.8041381835938,127.7,338.5,434.10413818359376,223.30413818359375,A,23.75,144.70137939453124,605.264938046375,89.3216552734375,839.2879727143438,20370.272686215743,1.6045100209493626,0.15397523678812716,1.7584852577374896,公式待人工核对：题面未显式给出水平能耗与爬升能耗分项公式
O01,S010,109.2308517,23.0085095,109.2760168,23.0194009,127.7,321.6,4784.49485164363,385.63653564453125,109.26879556032667,23.017660508047936,435.63653564453125,127.7,351.6,307.93653564453126,84.03653564453123,A,23.75,102.64551188151042,398.7079043036358,33.61461425781249,534.9680304429587,20370.272686215743,1.0569434766067474,0.10922402442413347,1.1661675010308807,公式待人工核对：题面未显式给出水平能耗与爬升能耗分项公式
O01,S015,109.2308517,23.0085095,109.1923786,23.0494548,127.7,444.5,6009.38297162029,521.7992553710938,109.20159123411872,23.039653305005682,571.7992553710938,127.7,474.5,444.09925537109376,97.29925537109375,A,23.75,148.03308512369793,500.78191430169085,38.9197021484375,687.7347015738263,20370.272686215743,1.3275336952455412,0.15752047029387067,1.4850541655394118,公式待人工核对：题面未显式给出水平能耗与爬升能耗分项公式
O01,S001,109.2308517,23.0085095,109.2432319,23.0335927,127.7,154.0,3053.9788435184996,223.05661010742188,109.23867982349049,23.024371057096793,273.0566101074219,127.7,184.0,145.3566101074219,89.05661010742188,B,0.0,48.452203369140626,203.59858956789998,35.62264404296875,287.67343698000934,28000.0,0.4362826919312142,0.035746524318343624,0.47202921624955785,公式待人工核对：题面未显式给出水平能耗与爬升能耗分项公式
O01,S003,109.2308517,23.0085095,109.1688578,23.0402714,127.7,308.5,7263.1792565565,511.80413818359375,109.20235089521226,23.02311645668715,561.8041381835938,127.7,338.5,434.10413818359376,223.30413818359375,B,0.0,144.70137939453124,484.21195043710003,89.3216552734375,718.2349851050687,28000.0,1.0375970366509286,0.1067561641731015,1.14435320082403,公式待人工核对：题面未显式给出水平能耗与爬升能耗分项公式
O01,S010,109.2308517,23.0085095,109.2760168,23.0194009,127.7,321.6,4784.49485164363,385.63653564453125,109.26879556032667,23.017660508047936,435.63653564453125,127.7,351.6,307.93653564453126,84.03653564453123,B,0.0,102.64551188151042,318.9663234429087,33.61461425781249,455.22644958223157,28000.0,0.6834992645205186,0.07572865693406589,0.7592279214545845,公式待人工核对：题面未显式给出水平能耗与爬升能耗分项公式
O01,S015,109.2308517,23.0085095,109.1923786,23.0494548,127.7,444.5,6009.38297162029,521.7992553710938,109.20159123411872,23.039653305005682,571.7992553710938,127.7,474.5,444.09925537109376,97.29925537109375,B,0.0,148.03308512369793,400.6255314413527,38.9197021484375,587.5783187134881,28000.0,0.8584832816600414,0.10921419273708369,0.9676974743971251,公式待人工核对：题面未显式给出水平能耗与爬升能耗分项公式
O01,S001,109.2308517,23.0085095,109.2432319,23.0335927,127.7,154.0,3053.9788435184996,223.05661010742188,109.23867982349049,23.024371057096793,273.0566101074219,127.7,184.0,145.3566101074219,89.05661010742188,B,15.0,48.452203369140626,203.59858956789998,35.62264404296875,287.67343698000934,23757.359312880715,0.5141950000920683,0.04399572223796138,0.5581907223300296,公式待人工核对：题面未显式给出水平能耗与爬升能耗分项公式
O01,S003,109.2308517,23.0085095,109.1688578,23.0402714,127.7,308.5,7263.1792565565,511.80413818359375,109.20235089521226,23.02311645668715,561.8041381835938,127.7,338.5,434.10413818359376,223.30413818359375,B,15.0,144.70137939453124,484.21195043710003,89.3216552734375,718.2349851050687,23757.359312880715,1.2228933630041223,0.13139220205920182,1.354285565063324,公式待人工核对：题面未显式给出水平能耗与爬升能耗分项公式
O01,S010,109.2308517,23.0085095,109.2760168,23.0194009,127.7,321.6,4784.49485164363,385.63653564453125,109.26879556032667,23.017660508047936,435.63653564453125,127.7,351.6,307.93653564453126,84.03653564453123,B,15.0,102.64551188151042,318.9663234429087,33.61461425781249,455.22644958223157,23757.359312880715,0.8055600437123637,0.09320450084192723,0.8987645445542909,公式待人工核对：题面未显式给出水平能耗与爬升能耗分项公式
O01,S015,109.2308517,23.0085095,109.1923786,23.0494548,127.7,444.5,6009.38297162029,521.7992553710938,109.20159123411872,23.039653305005682,571.7992553710938,127.7,474.5,444.09925537109376,97.29925537109375,B,15.0,148.03308512369793,400.6255314413527,38.9197021484375,587.5783187134881,23757.359312880715,1.0117930856670818,0.13441746798410298,1.1462105536511848,公式待人工核对：题面未显式给出水平能耗与爬升能耗分项公式
O01,S001,109.2308517,23.0085095,109.2432319,23.0335927,127.7,154.0,3053.9788435184996,223.05661010742188,109.23867982349049,23.024371057096793,273.0566101074219,127.7,184.0,145.3566101074219,89.05661010742188,B,28.5,48.452203369140626,203.59858956789998,35.62264404296875,287.67343698000934,16888.654446917782,0.7233208194571966,0.05142000036561736,0.774740819822814,公式待人工核对：题面未显式给出水平能耗与爬升能耗分项公式
O01,S003,109.2308517,23.0085095,109.1688578,23.0402714,127.7,308.5,7263.1792565565,511.80413818359375,109.20235089521226,23.02311645668715,561.8041381835938,127.7,338.5,434.10413818359376,223.30413818359375,B,28.5,144.70137939453124,484.21195043710003,89.3216552734375,718.2349851050687,16888.654446917782,1.7202505455683703,0.15356463615669214,1.8738151817250626,公式待人工核对：题面未显式给出水平能耗与爬升能耗分项公式
O01,S010,109.2308517,23.0085095,109.2760168,23.0194009,127.7,321.6,4784.49485164363,385.63653564453125,109.26879556032667,23.017660508047936,435.63653564453125,127.7,351.6,307.93653564453126,84.03653564453123,B,28.5,102.64551188151042,318.9663234429087,33.61461425781249,455.22644958223157,16888.654446917782,1.1331855635229273,0.10893276035900246,1.2421183238819298,公式待人工核对：题面未显式给出水平能耗与爬升能耗分项公式
O01,S015,109.2308517,23.0085095,109.1923786,23.0494548,127.7,444.5,6009.38297162029,521.7992553710938,109.20159123411872,23.039653305005682,571.7992553710938,127.7,474.5,444.09925537109376,97.29925537109375,B,28.5,148.03308512369793,400.6255314413527,38.9197021484375,587.5783187134881,16888.654446917782,1.4232946717000337,0.15710041570642036,1.580395087406454,公式待人工核对：题面未显式给出水平能耗与爬升能耗分项公式
O01,S001,109.2308517,23.0085095,109.2432319,23.0335927,127.7,154.0,3053.9788435184996,223.05661010742188,109.23867982349049,23.024371057096793,273.0566101074219,127.7,184.0,145.3566101074219,89.05661010742188,C,0.0,58.142644042968755,203.59858956789998,44.52830505371094,306.26953866457967,26000.0,0.9396857980056922,0.03844126230541876,0.978127060311111,公式待人工核对：题面未显式给出水平能耗与爬升能耗分项公式
O01,S003,109.2308517,23.0085095,109.1688578,23.0402714,127.7,308.5,7263.1792565565,511.80413818359375,109.20235089521226,23.02311645668715,561.8041381835938,127.7,338.5,434.10413818359376,223.30413818359375,C,0.0,173.6416552734375,484.21195043710003,111.65206909179688,769.5056748023344,26000.0,2.234824386632769,0.11480393654922762,2.3496283231819968,公式待人工核对：题面未显式给出水平能耗与爬升能耗分项公式
O01,S010,109.2308517,23.0085095,109.2760168,23.0194009,127.7,321.6,4784.49485164363,385.63653564453125,109.26879556032667,23.017660508047936,435.63653564453125,127.7,351.6,307.93653564453126,84.03653564453123,C,0.0,123.17461425781251,318.9663234429087,42.018267822265614,484.1592055229868,26000.0,1.4721522620441938,0.08143743261063392,1.5535896946548278,公式待人工核对：题面未显式给出水平能耗与爬升能耗分项公式
O01,S015,109.2308517,23.0085095,109.1923786,23.0494548,127.7,444.5,6009.38297162029,521.7992553710938,109.20159123411872,23.039653305005682,571.7992553710938,127.7,474.5,444.09925537109376,97.29925537109375,C,0.0,177.6397021484375,400.6255314413527,48.649627685546875,626.914861275337,26000.0,1.8490409143447046,0.11744726265110997,1.9664881769958147,公式待人工核对：题面未显式给出水平能耗与爬升能耗分项公式
O01,S001,109.2308517,23.0085095,109.2432319,23.0335927,127.7,154.0,3053.9788435184996,223.05661010742188,109.23867982349049,23.024371057096793,273.0566101074219,127.7,184.0,145.3566101074219,89.05661010742188,C,40.0,58.142644042968755,203.59858956789998,44.52830505371094,306.26953866457967,21050.25253169417,1.1606431187161474,0.06043912342439946,1.221082242140547,公式待人工核对：题面未显式给出水平能耗与爬升能耗分项公式
O01,S003,109.2308517,23.0085095,109.1688578,23.0402714,127.7,308.5,7263.1792565565,511.80413818359375,109.20235089521226,23.02311645668715,561.8041381835938,127.7,338.5,434.10413818359376,223.30413818359375,C,40.0,173.6416552734375,484.21195043710003,111.65206909179688,769.5056748023344,21050.25253169417,2.7603200467531663,0.18050003757882854,2.9408200843319947,公式待人工核对：题面未显式给出水平能耗与爬升能耗分项公式
O01,S010,109.2308517,23.0085095,109.2760168,23.0194009,127.7,321.6,4784.49485164363,385.63653564453125,109.26879556032667,23.017660508047936,435.63653564453125,127.7,351.6,307.93653564453126,84.03653564453123,C,40.0,123.17461425781251,318.9663234429087,42.018267822265614,484.1592055229868,21050.25253169417,1.8183135216795667,0.12803968303159755,1.9463532047111642,公式待人工核对：题面未显式给出水平能耗与爬升能耗分项公式
O01,S015,109.2308517,23.0085095,109.1923786,23.0494548,127.7,444.5,6009.38297162029,521.7992553710938,109.20159123411872,23.039653305005682,571.7992553710938,127.7,474.5,444.09925537109376,97.29925537109375,C,40.0,177.6397021484375,400.6255314413527,48.649627685546875,626.914861275337,21050.25253169417,2.2838236121195425,0.1846559966431615,2.468479608762704,公式待人工核对：题面未显式给出水平能耗与爬升能耗分项公式
O01,S001,109.2308517,23.0085095,109.2432319,23.0335927,127.7,154.0,3053.9788435184996,223.05661010742188,109.23867982349049,23.024371057096793,273.0566101074219,127.7,184.0,145.3566101074219,89.05661010742188,C,76.0,58.142644042968755,203.59858956789998,44.52830505371094,306.26953866457967,13036.763521404078,1.8740717899833972,0.08023719843148207,1.9543089884148792,公式待人工核对：题面未显式给出水平能耗与爬升能耗分项公式
O01,S003,109.2308517,23.0085095,109.1688578,23.0402714,127.7,308.5,7263.1792565565,511.80413818359375,109.20235089521226,23.02311645668715,561.8041381835938,127.7,338.5,434.10413818359376,223.30413818359375,C,76.0,173.6416552734375,484.21195043710003,111.65206909179688,769.5056748023344,13036.763521404078,4.45704441574422,0.2396265285054694,4.696670944249689,公式待人工核对：题面未显式给出水平能耗与爬升能耗分项公式
O01,S010,109.2308517,23.0085095,109.2760168,23.0194009,127.7,321.6,4784.49485164363,385.63653564453125,109.26879556032667,23.017660508047936,435.63653564453125,127.7,351.6,307.93653564453126,84.03653564453123,C,76.0,123.17461425781251,318.9663234429087,42.018267822265614,484.1592055229868,13036.763521404078,2.9360016195972745,0.1699817084104648,3.1059833280077394,公式待人工核对：题面未显式给出水平能耗与爬升能耗分项公式
O01,S015,109.2308517,23.0085095,109.1923786,23.0494548,127.7,444.5,6009.38297162029,521.7992553710938,109.20159123411872,23.039653305005682,571.7992553710938,127.7,474.5,444.09925537109376,97.29925537109375,C,76.0,177.6397021484375,400.6255314413527,48.649627685546875,626.914861275337,13036.763521404078,3.6876532809720373,0.24514385723600784,3.932797138208045,公式待人工核对：题面未显式给出水平能耗与爬升能耗分项公式
